STT,Dong_CSV_Goc,ID_Goc,Person_ID_Lakehouse,Tuoi,Gioi_Tinh,Chieu_Cao_Goc,Can_Nang_Goc,BMI_Goc,Sys_BP_Goc,Dia_BP_Goc,Phan_Loai_Loi,Chi_Tiet_Nguyen_Nhan,Sys_BP_Sau_Lam_Sach,Dia_BP_Sau_Lam_Sach,BMI_Sau_Lam_Sach,Ket_Qua_Quality_Gate
1,226,309,4465,60,Nam,76,55.0,95.22,120.0,80.0,Gõ nhầm chiều cao,Chiều cao ghi 76cm làm BMI vọt lên 95.2 (đã sửa thành 176cm),120.0,80.0,17.76,PASS (ĐẠT)
2,230,314,4469,48,Nam,183,98.0,29.26,160.0,1100.0,Gõ thừa số 0 ở tâm trương,Ghi tâm trương 1100 thay vì 110 mmHg,160.0,110.0,29.26,PASS (ĐẠT)
3,243,334,4482,60,Nam,157,60.0,24.34,160.0,1000.0,Gõ thừa số 0 ở tâm trương,Ghi tâm trương 1000 thay vì 100 mmHg,160.0,100.0,24.34,PASS (ĐẠT)
4,262,357,4501,50,Nữ,150,83.0,36.89,140.0,800.0,Gõ thừa số 0 ở tâm trương,Ghi tâm trương 800 thay vì 80 mmHg,140.0,80.0,36.89,PASS (ĐẠT)
5,331,458,4570,64,Nữ,176,63.0,20.34,160.0,1000.0,Gõ thừa số 0 ở tâm trương,Ghi tâm trương 1000 thay vì 100 mmHg,160.0,100.0,20.34,PASS (ĐẠT)
6,347,482,4586,51,Nữ,154,81.0,34.15,140.0,1000.0,Gõ thừa số 0 ở tâm trương,Ghi tâm trương 1000 thay vì 100 mmHg,140.0,100.0,34.15,PASS (ĐẠT)
7,475,680,4714,42,Nữ,150,95.0,42.22,150.0,1033.0,Gõ thừa số 0 ở tâm trương,Ghi tâm trương 1033 thay vì 103 mmHg,150.0,103.3,42.22,PASS (ĐẠT)
8,476,681,4715,52,Nữ,156,65.0,26.71,120.0,150.0,Nhập ngược cột tâm thu / tâm trương,Nhập lộn 120/150 thay vì 150/120,150.0,120.0,26.71,PASS (ĐẠT)
9,561,805,4800,56,Nam,173,101.0,33.75,200.0,1000.0,Gõ thừa số 0 ở tâm trương,Ghi tâm trương 1000 thay vì 100 mmHg,200.0,100.0,33.75,PASS (ĐẠT)
10,569,815,4808,58,Nữ,168,78.0,27.64,14.0,90.0,Sai thang đo cmHg ở tâm thu,Ghi tâm thu 14 cmHg thay vì 140 mmHg,140.0,90.0,27.64,PASS (ĐẠT)
11,615,886,4854,52,Nữ,165,92.0,33.79,140.0,1000.0,Gõ thừa số 0 ở tâm trương,Ghi tâm trương 1000 thay vì 100 mmHg,140.0,100.0,33.79,PASS (ĐẠT)
12,638,913,4877,56,Nam,169,68.0,23.81,70.0,110.0,Nhập ngược cột tâm thu / tâm trương,Nhập lộn 70/110 thay vì 110/70,110.0,70.0,23.81,PASS (ĐẠT)
13,651,928,4890,50,Nữ,166,57.0,20.69,190.0,1100.0,Gõ thừa số 0 ở tâm trương,Ghi tâm trương 1100 thay vì 110 mmHg,190.0,110.0,20.69,PASS (ĐẠT)
14,655,932,4894,60,Nữ,156,72.0,29.59,180.0,1000.0,Gõ thừa số 0 ở tâm trương,Ghi tâm trương 1000 thay vì 100 mmHg,180.0,100.0,29.59,PASS (ĐẠT)
15,721,1015,4960,64,Nam,170,74.0,25.61,140.0,1000.0,Gõ thừa số 0 ở tâm trương,Ghi tâm trương 1000 thay vì 100 mmHg,140.0,100.0,25.61,PASS (ĐẠT)
16,883,1229,5122,48,Nam,170,84.0,29.07,150.0,1100.0,Gõ thừa số 0 ở tâm trương,Ghi tâm trương 1100 thay vì 110 mmHg,150.0,110.0,29.07,PASS (ĐẠT)
17,929,1294,5168,60,Nam,175,70.0,22.86,14.0,90.0,Sai thang đo cmHg ở tâm thu,Ghi tâm thu 14 cmHg thay vì 140 mmHg,140.0,90.0,22.86,PASS (ĐẠT)
18,981,1360,5220,50,Nữ,172,65.0,21.97,11.0,80.0,Sai thang đo cmHg ở tâm thu,Ghi tâm thu 11 cmHg thay vì 110 mmHg,110.0,80.0,21.97,PASS (ĐẠT)
19,1002,1389,5241,58,Nam,168,82.0,29.05,160.0,1000.0,Gõ thừa số 0 ở tâm trương,Ghi tâm trương 1000 thay vì 100 mmHg,160.0,100.0,29.05,PASS (ĐẠT)
20,1035,1438,5274,44,Nữ,167,71.0,25.46,150.0,1001.0,Gõ thừa số 0 ở tâm trương,Ghi tâm trương 1001 thay vì 100 mmHg,150.0,100.1,25.46,PASS (ĐẠT)
21,1076,1494,5315,58,Nam,169,76.0,26.61,140.0,1000.0,Gõ thừa số 0 ở tâm trương,Ghi tâm trương 1000 thay vì 100 mmHg,140.0,100.0,26.61,PASS (ĐẠT)
22,1094,1519,5333,56,Nữ,152,55.0,23.81,140.0,1000.0,Gõ thừa số 0 ở tâm trương,Ghi tâm trương 1000 thay vì 100 mmHg,140.0,100.0,23.81,PASS (ĐẠT)
23,1283,1803,5522,65,Nam,169,86.0,30.11,130.0,1000.0,Gõ thừa số 0 ở tâm trương,Ghi tâm trương 1000 thay vì 100 mmHg,130.0,100.0,30.11,PASS (ĐẠT)
24,1495,2110,5734,42,Nữ,153,49.0,20.93,170.0,1000.0,Gõ thừa số 0 ở tâm trương,Ghi tâm trương 1000 thay vì 100 mmHg,170.0,100.0,20.93,PASS (ĐẠT)
25,1524,2148,5763,58,Nam,171,68.0,23.26,140.0,1000.0,Gõ thừa số 0 ở tâm trương,Ghi tâm trương 1000 thay vì 100 mmHg,140.0,100.0,23.26,PASS (ĐẠT)
26,1577,2231,5816,52,Nữ,172,68.0,22.99,170.0,1200.0,Gõ thừa số 0 ở tâm trương,Ghi tâm trương 1200 thay vì 120 mmHg,170.0,120.0,22.99,PASS (ĐẠT)
27,1581,2236,5820,47,Nam,168,63.0,22.32,150.0,1100.0,Gõ thừa số 0 ở tâm trương,Ghi tâm trương 1100 thay vì 110 mmHg,150.0,110.0,22.32,PASS (ĐẠT)
28,1602,2260,5841,53,Nữ,165,66.0,24.24,12.0,80.0,Sai thang đo cmHg ở tâm thu,Ghi tâm thu 12 cmHg thay vì 120 mmHg,120.0,80.0,24.24,PASS (ĐẠT)
29,1616,2285,5855,39,Nam,170,79.0,27.34,150.0,1100.0,Gõ thừa số 0 ở tâm trương,Ghi tâm trương 1100 thay vì 110 mmHg,150.0,110.0,27.34,PASS (ĐẠT)
30,1629,2301,5868,62,Nữ,165,71.0,26.08,14.0,80.0,Sai thang đo cmHg ở tâm thu,Ghi tâm thu 14 cmHg thay vì 140 mmHg,140.0,80.0,26.08,PASS (ĐẠT)
31,1634,2307,5873,56,Nam,160,55.0,21.48,180.0,1000.0,Gõ thừa số 0 ở tâm trương,Ghi tâm trương 1000 thay vì 100 mmHg,180.0,100.0,21.48,PASS (ĐẠT)
32,1704,2401,5943,48,Nữ,161,109.0,42.05,160.0,1000.0,Gõ thừa số 0 ở tâm trương,Ghi tâm trương 1000 thay vì 100 mmHg,160.0,100.0,42.05,PASS (ĐẠT)
33,1774,2505,6013,39,Nam,168,64.0,22.68,11.0,60.0,Sai thang đo cmHg ở tâm thu,Ghi tâm thu 11 cmHg thay vì 110 mmHg,110.0,60.0,22.68,PASS (ĐẠT)
34,1800,2542,6039,62,Nữ,158,93.0,37.25,180.0,1000.0,Gõ thừa số 0 ở tâm trương,Ghi tâm trương 1000 thay vì 100 mmHg,180.0,100.0,37.25,PASS (ĐẠT)
35,1878,2654,6117,41,Nữ,160,60.0,23.44,902.0,60.0,Tâm thu vượt ngưỡng sinh tồn,Tâm thu 902 mmHg (đã impute median 125),125.0,60.0,23.44,PASS (ĐẠT)
36,1908,2694,6147,41,Nữ,166,77.0,27.94,160.0,1000.0,Gõ thừa số 0 ở tâm trương,Ghi tâm trương 1000 thay vì 100 mmHg,160.0,100.0,27.94,PASS (ĐẠT)
37,2016,2845,6255,62,Nam,167,59.0,21.16,906.0,0.0,Tâm thu vượt ngưỡng sinh tồn + Tâm trương bất khả thi,Tâm thu 906 mmHg (đã impute median 125); Tâm trương 0 mmHg (đã impute median 80),125.0,80.0,21.16,PASS (ĐẠT)
38,2071,2928,6310,60,Nữ,162,68.0,25.91,160.0,1100.0,Gõ thừa số 0 ở tâm trương,Ghi tâm trương 1100 thay vì 110 mmHg,160.0,110.0,25.91,PASS (ĐẠT)
39,2144,3026,6383,42,Nam,174,113.0,37.32,210.0,1100.0,Gõ thừa số 0 ở tâm trương,Ghi tâm trương 1100 thay vì 110 mmHg,210.0,110.0,37.32,PASS (ĐẠT)
40,2169,3057,6408,60,Nam,169,75.0,26.26,14.0,80.0,Sai thang đo cmHg ở tâm thu,Ghi tâm thu 14 cmHg thay vì 140 mmHg,140.0,80.0,26.26,PASS (ĐẠT)
41,2205,3112,6444,60,Nam,187,80.0,22.88,12.0,80.0,Sai thang đo cmHg ở tâm thu,Ghi tâm thu 12 cmHg thay vì 120 mmHg,120.0,80.0,22.88,PASS (ĐẠT)
42,2245,3164,6484,64,Nam,165,85.0,31.22,180.0,1100.0,Gõ thừa số 0 ở tâm trương,Ghi tâm trương 1100 thay vì 110 mmHg,180.0,110.0,31.22,PASS (ĐẠT)
43,2253,3173,6492,64,Nam,172,120.0,40.56,170.0,1100.0,Gõ thừa số 0 ở tâm trương,Ghi tâm trương 1100 thay vì 110 mmHg,170.0,110.0,40.56,PASS (ĐẠT)
44,2261,3183,6500,56,Nữ,155,87.0,36.21,150.0,1000.0,Gõ thừa số 0 ở tâm trương,Ghi tâm trương 1000 thay vì 100 mmHg,150.0,100.0,36.21,PASS (ĐẠT)
45,2303,3242,6542,61,Nữ,158,105.0,42.06,160.0,1000.0,Gõ thừa số 0 ở tâm trương,Ghi tâm trương 1000 thay vì 100 mmHg,160.0,100.0,42.06,PASS (ĐẠT)
46,2383,3352,6622,57,Nam,186,105.0,30.35,140.0,10000.0,Tâm trương bất khả thi,Tâm trương 10000 mmHg (đã impute median 80),140.0,80.0,30.35,PASS (ĐẠT)
47,2386,3356,6625,64,Nữ,154,102.0,43.01,90.0,150.0,Nhập ngược cột tâm thu / tâm trương,Nhập lộn 90/150 thay vì 150/90,150.0,90.0,43.01,PASS (ĐẠT)
48,2413,3396,6652,60,Nữ,166,117.0,42.46,170.0,1000.0,Gõ thừa số 0 ở tâm trương,Ghi tâm trương 1000 thay vì 100 mmHg,170.0,100.0,42.46,PASS (ĐẠT)
49,2425,3415,6664,58,Nữ,165,72.0,26.45,160.0,1001.0,Gõ thừa số 0 ở tâm trương,Ghi tâm trương 1001 thay vì 100 mmHg,160.0,100.1,26.45,PASS (ĐẠT)
50,2433,3424,6672,51,Nam,165,84.0,30.85,14.0,80.0,Sai thang đo cmHg ở tâm thu,Ghi tâm thu 14 cmHg thay vì 140 mmHg,140.0,80.0,30.85,PASS (ĐẠT)
51,2497,3524,6736,52,Nữ,148,62.0,28.31,150.0,1000.0,Gõ thừa số 0 ở tâm trương,Ghi tâm trương 1000 thay vì 100 mmHg,150.0,100.0,28.31,PASS (ĐẠT)
52,2530,3572,6769,42,Nữ,163,86.0,32.37,12.0,80.0,Sai thang đo cmHg ở tâm thu,Ghi tâm thu 12 cmHg thay vì 120 mmHg,120.0,80.0,32.37,PASS (ĐẠT)
53,2594,3660,6833,58,Nam,174,103.0,34.02,140.0,1000.0,Gõ thừa số 0 ở tâm trương,Ghi tâm trương 1000 thay vì 100 mmHg,140.0,100.0,34.02,PASS (ĐẠT)
54,2614,3683,6853,64,Nữ,170,64.0,22.15,10.0,70.0,Sai thang đo cmHg ở tâm thu,Ghi tâm thu 10 cmHg thay vì 100 mmHg,100.0,70.0,22.15,PASS (ĐẠT)
55,2658,3742,6897,48,Nam,184,97.0,28.65,150.0,1000.0,Gõ thừa số 0 ở tâm trương,Ghi tâm trương 1000 thay vì 100 mmHg,150.0,100.0,28.65,PASS (ĐẠT)
56,2692,3794,6931,64,Nữ,153,100.0,42.72,140.0,1000.0,Gõ thừa số 0 ở tâm trương,Ghi tâm trương 1000 thay vì 100 mmHg,140.0,100.0,42.72,PASS (ĐẠT)
57,2701,3806,6940,62,Nữ,158,70.0,28.04,130.0,1000.0,Gõ thừa số 0 ở tâm trương,Ghi tâm trương 1000 thay vì 100 mmHg,130.0,100.0,28.04,PASS (ĐẠT)
58,2717,3830,6956,39,Nam,175,70.0,22.86,150.0,1000.0,Gõ thừa số 0 ở tâm trương,Ghi tâm trương 1000 thay vì 100 mmHg,150.0,100.0,22.86,PASS (ĐẠT)
59,2781,3917,7020,58,Nữ,162,95.0,36.2,170.0,1000.0,Gõ thừa số 0 ở tâm trương,Ghi tâm trương 1000 thay vì 100 mmHg,170.0,100.0,36.2,PASS (ĐẠT)
60,2804,3948,7043,51,Nam,172,91.0,30.76,170.0,1200.0,Gõ thừa số 0 ở tâm trương,Ghi tâm trương 1200 thay vì 120 mmHg,170.0,120.0,30.76,PASS (ĐẠT)
61,2855,4017,7094,62,Nữ,156,87.0,35.75,16.0,90.0,Sai thang đo cmHg ở tâm thu,Ghi tâm thu 16 cmHg thay vì 160 mmHg,160.0,90.0,35.75,PASS (ĐẠT)
62,2901,4082,7140,58,Nữ,168,84.0,29.76,190.0,1000.0,Gõ thừa số 0 ở tâm trương,Ghi tâm trương 1000 thay vì 100 mmHg,190.0,100.0,29.76,PASS (ĐẠT)
63,2957,4166,7196,50,Nữ,163,88.0,33.12,130.0,1000.0,Gõ thừa số 0 ở tâm trương,Ghi tâm trương 1000 thay vì 100 mmHg,130.0,100.0,33.12,PASS (ĐẠT)
64,2987,4208,7226,56,Nữ,168,78.0,27.64,140.0,8044.0,Tâm trương bất khả thi,Tâm trương 8044 mmHg (đã impute median 80),140.0,80.0,27.64,PASS (ĐẠT)
65,2992,4214,7231,60,Nam,182,90.0,27.17,80.0,140.0,Nhập ngược cột tâm thu / tâm trương,Nhập lộn 80/140 thay vì 140/80,140.0,80.0,27.17,PASS (ĐẠT)
66,3147,4442,7386,62,Nữ,149,71.0,31.98,159.0,1044.0,Gõ thừa số 0 ở tâm trương,Ghi tâm trương 1044 thay vì 104 mmHg,159.0,104.4,31.98,PASS (ĐẠT)
67,3162,4463,7401,51,Nữ,146,64.0,30.02,150.0,1000.0,Gõ thừa số 0 ở tâm trương,Ghi tâm trương 1000 thay vì 100 mmHg,150.0,100.0,30.02,PASS (ĐẠT)
68,3296,4640,7535,60,Nam,161,61.0,23.53,160.0,1000.0,Gõ thừa số 0 ở tâm trương,Ghi tâm trương 1000 thay vì 100 mmHg,160.0,100.0,23.53,PASS (ĐẠT)
69,3315,4672,7554,48,Nữ,155,155.0,64.52,160.0,1000.0,Gõ thừa số 0 ở tâm trương,Ghi tâm trương 1000 thay vì 100 mmHg,160.0,100.0,64.52,PASS (ĐẠT)
70,3448,4879,7687,56,Nữ,156,123.0,50.54,160.0,1000.0,Gõ thừa số 0 ở tâm trương,Ghi tâm trương 1000 thay vì 100 mmHg,160.0,100.0,50.54,PASS (ĐẠT)
71,3449,4880,7688,55,Nam,180,80.0,24.69,80.0,125.0,Nhập ngược cột tâm thu / tâm trương,Nhập lộn 80/125 thay vì 125/80,125.0,80.0,24.69,PASS (ĐẠT)
72,3451,4882,7690,48,Nữ,159,57.0,22.55,12.0,80.0,Sai thang đo cmHg ở tâm thu,Ghi tâm thu 12 cmHg thay vì 120 mmHg,120.0,80.0,22.55,PASS (ĐẠT)
73,3490,4938,7729,57,Nữ,155,71.0,29.55,150.0,1100.0,Gõ thừa số 0 ở tâm trương,Ghi tâm trương 1100 thay vì 110 mmHg,150.0,110.0,29.55,PASS (ĐẠT)
74,3602,5100,7841,54,Nữ,157,60.0,24.34,140.0,1000.0,Gõ thừa số 0 ở tâm trương,Ghi tâm trương 1000 thay vì 100 mmHg,140.0,100.0,24.34,PASS (ĐẠT)
75,3625,5130,7864,60,Nữ,160,83.0,32.42,80.0,120.0,Nhập ngược cột tâm thu / tâm trương,Nhập lộn 80/120 thay vì 120/80,120.0,80.0,32.42,PASS (ĐẠT)
76,3643,5154,7882,54,Nữ,156,84.0,34.52,150.0,1100.0,Gõ thừa số 0 ở tâm trương,Ghi tâm trương 1100 thay vì 110 mmHg,150.0,110.0,34.52,PASS (ĐẠT)
77,3685,5208,7924,52,Nữ,154,52.0,21.93,14.0,90.0,Sai thang đo cmHg ở tâm thu,Ghi tâm thu 14 cmHg thay vì 140 mmHg,140.0,90.0,21.93,PASS (ĐẠT)
78,3755,5307,7994,64,Nữ,166,59.0,21.41,150.0,1000.0,Gõ thừa số 0 ở tâm trương,Ghi tâm trương 1000 thay vì 100 mmHg,150.0,100.0,21.41,PASS (ĐẠT)
79,3848,5448,8087,58,Nam,170,76.0,26.3,12.0,80.0,Sai thang đo cmHg ở tâm thu,Ghi tâm thu 12 cmHg thay vì 120 mmHg,120.0,80.0,26.3,PASS (ĐẠT)
80,3871,5476,8110,40,Nữ,160,78.0,30.47,160.0,1100.0,Gõ thừa số 0 ở tâm trương,Ghi tâm trương 1100 thay vì 110 mmHg,160.0,110.0,30.47,PASS (ĐẠT)
81,3907,5523,8146,57,Nữ,162,72.0,27.43,12.0,80.0,Sai thang đo cmHg ở tâm thu,Ghi tâm thu 12 cmHg thay vì 120 mmHg,120.0,80.0,27.43,PASS (ĐẠT)
82,3951,5588,8190,46,Nữ,160,62.0,24.22,12.0,80.0,Sai thang đo cmHg ở tâm thu,Ghi tâm thu 12 cmHg thay vì 120 mmHg,120.0,80.0,24.22,PASS (ĐẠT)
83,3988,5647,8227,56,Nam,175,92.0,30.04,140.0,1000.0,Gõ thừa số 0 ở tâm trương,Ghi tâm trương 1000 thay vì 100 mmHg,140.0,100.0,30.04,PASS (ĐẠT)
84,4160,5876,8399,54,Nam,171,87.0,29.75,150.0,1000.0,Gõ thừa số 0 ở tâm trương,Ghi tâm trương 1000 thay vì 100 mmHg,150.0,100.0,29.75,PASS (ĐẠT)
85,4167,5885,8406,45,Nam,162,76.0,28.96,140.0,1100.0,Gõ thừa số 0 ở tâm trương,Ghi tâm trương 1100 thay vì 110 mmHg,140.0,110.0,28.96,PASS (ĐẠT)
86,4180,5901,8419,41,Nữ,170,66.0,22.84,160.0,1100.0,Gõ thừa số 0 ở tâm trương,Ghi tâm trương 1100 thay vì 110 mmHg,160.0,110.0,22.84,PASS (ĐẠT)
87,4282,6038,8521,64,Nữ,163,89.0,33.5,11.0,70.0,Sai thang đo cmHg ở tâm thu,Ghi tâm thu 11 cmHg thay vì 110 mmHg,110.0,70.0,33.5,PASS (ĐẠT)
88,4284,6040,8523,56,Nữ,155,56.0,23.31,150.0,1000.0,Gõ thừa số 0 ở tâm trương,Ghi tâm trương 1000 thay vì 100 mmHg,150.0,100.0,23.31,PASS (ĐẠT)
89,4358,6151,8597,63,Nam,168,76.0,26.93,160.0,1000.0,Gõ thừa số 0 ở tâm trương,Ghi tâm trương 1000 thay vì 100 mmHg,160.0,100.0,26.93,PASS (ĐẠT)
90,4384,6194,8623,61,Nam,165,70.0,25.71,12.0,70.0,Sai thang đo cmHg ở tâm thu,Ghi tâm thu 12 cmHg thay vì 120 mmHg,120.0,70.0,25.71,PASS (ĐẠT)
91,4426,6255,8665,62,Nam,165,65.0,23.88,180.0,1000.0,Gõ thừa số 0 ở tâm trương,Ghi tâm trương 1000 thay vì 100 mmHg,180.0,100.0,23.88,PASS (ĐẠT)
92,4467,6326,8706,40,Nữ,165,66.0,24.24,12.0,80.0,Sai thang đo cmHg ở tâm thu,Ghi tâm thu 12 cmHg thay vì 120 mmHg,120.0,80.0,24.24,PASS (ĐẠT)
93,4573,6472,8812,50,Nữ,168,130.0,46.06,180.0,1100.0,Gõ thừa số 0 ở tâm trương,Ghi tâm trương 1100 thay vì 110 mmHg,180.0,110.0,46.06,PASS (ĐẠT)
94,4575,6475,8814,58,Nữ,164,108.0,40.15,160.0,1000.0,Gõ thừa số 0 ở tâm trương,Ghi tâm trương 1000 thay vì 100 mmHg,160.0,100.0,40.15,PASS (ĐẠT)
95,4584,6485,8823,64,Nam,174,83.0,27.41,12.0,80.0,Sai thang đo cmHg ở tâm thu,Ghi tâm thu 12 cmHg thay vì 120 mmHg,120.0,80.0,27.41,PASS (ĐẠT)
96,4597,6508,8836,56,Nam,158,58.0,23.23,12.0,80.0,Sai thang đo cmHg ở tâm thu,Ghi tâm thu 12 cmHg thay vì 120 mmHg,120.0,80.0,23.23,PASS (ĐẠT)
97,4609,6525,8848,42,Nữ,165,78.0,28.65,-100.0,80.0,Huyết áp âm (lỗi phần cứng),Tâm thu âm -100 mmHg (đã impute median 125),125.0,80.0,28.65,PASS (ĐẠT)
98,4687,6633,8926,56,Nữ,165,65.0,23.88,12.0,80.0,Sai thang đo cmHg ở tâm thu,Ghi tâm thu 12 cmHg thay vì 120 mmHg,120.0,80.0,23.88,PASS (ĐẠT)
99,4704,6661,8943,49,Nam,164,90.0,33.46,130.0,1000.0,Gõ thừa số 0 ở tâm trương,Ghi tâm trương 1000 thay vì 100 mmHg,130.0,100.0,33.46,PASS (ĐẠT)
100,4819,6822,9058,39,Nữ,168,63.0,22.32,909.0,60.0,Tâm thu vượt ngưỡng sinh tồn,Tâm thu 909 mmHg (đã impute median 125),125.0,60.0,22.32,PASS (ĐẠT)
101,4827,6836,9066,54,Nam,164,89.0,33.09,90.0,140.0,Nhập ngược cột tâm thu / tâm trương,Nhập lộn 90/140 thay vì 140/90,140.0,90.0,33.09,PASS (ĐẠT)
102,4832,6843,9071,46,Nam,159,68.0,26.9,70.0,100.0,Nhập ngược cột tâm thu / tâm trương,Nhập lộn 70/100 thay vì 100/70,100.0,70.0,26.9,PASS (ĐẠT)
103,4943,6992,9182,56,Nữ,160,69.0,26.95,80.0,170.0,Nhập ngược cột tâm thu / tâm trương,Nhập lộn 80/170 thay vì 170/80,170.0,80.0,26.95,PASS (ĐẠT)
